column_1,column_2,normalized_1,normalized_2,similarity
Matrikiran High School,MatriKiran High School,matrikiran high school,matrikiran high school,100.0
Dwarka Sector 21 Metro station,Dwarka sector 21 metro station,dwarka sector 21 metro station,dwarka sector 21 metro station,100.0
Sector 42-43 Metro Station,Sector 42-43 Metro station,sector 42 43 metro station,sector 42 43 metro station,100.0
"Delhi Public School, Sector 84",Delhi Public School Sector 84,delhi public school sector 84,delhi public school sector 84,100.0
NH 48,NH-48,nh 48,nh 48,100.0
Global city centre,Global City Centre,global city centre,global city centre,100.0
Sector 55-56 metro,Sector 55-56 Metro,sector 55 56 metro,sector 55 56 metro,100.0
HUB 66,Hub 66,hub 66,hub 66,100.0
The Oberoi Gurgaon,"The Oberoi, Gurgaon",the oberoi gurgaon,the oberoi gurgaon,100.0
"International Tech Park Gurgaon,",International Tech Park Gurgaon,international tech park gurgaon,international tech park gurgaon,100.0
Dwarka Sector 21 Metro Station,Dwarka sector 21 metro station,dwarka sector 21 metro station,dwarka sector 21 metro station,100.0
National Highway 48,National Highway-48,national highway 48,national highway 48,100.0
Dwarka Sector 21 Metro Station,Dwarka Sector 21 Metro station,dwarka sector 21 metro station,dwarka sector 21 metro station,100.0
Huda Metro Station,Huda Metro station,huda metro station,huda metro station,100.0
Health Care Pharmacy,Health care pharmacy,health care pharmacy,health care pharmacy,100.0
Medanta-The Medicity,Medanta The Medicity,medanta the medicity,medanta the medicity,100.0
Infinity Business Park,infinity Business Park,infinity business park,infinity business park,100.0
Huda metro station,HUDA Metro Station,huda metro station,huda metro station,100.0
Huda metro station,Huda Metro station,huda metro station,huda metro station,100.0
Medanta -The Medicity,Medanta-The Medicity,medanta the medicity,medanta the medicity,100.0
Medanta -The Medicity,Medanta The Medicity,medanta the medicity,medanta the medicity,100.0
Lemon Tree Hotel,"Lemon Tree Hotel,",lemon tree hotel,lemon tree hotel,100.0
Medanta -The Medicity,Medanta - The Medicity,medanta the medicity,medanta the medicity,100.0
GEMS International School,Gems International School,gems international school,gems international school,100.0
IFFCO Chowk,Iffco Chowk,iffco chowk,iffco chowk,100.0
HDFC Bank ATM,HDFC bank ATM,hdfc bank atm,hdfc bank atm,100.0
NH-8,NH 8,nh 8,nh 8,100.0
Park Inn,Park inn,park inn,park inn,100.0
IFFCO Chowk Metro Station,Iffco Chowk Metro Station,iffco chowk metro station,iffco chowk metro station,100.0
KMP Corridor,KMP corridor,kmp corridor,kmp corridor,100.0
TERI Golf Course,Teri Golf Course,teri golf course,teri golf course,100.0
Reliance Trends Newtown Square Mall,RELIANCE TRENDS Newtown Square Mall,reliance trends newtown square mall,reliance trends newtown square mall,100.0
SGT University,SGT UNIVERSITY,sgt university,sgt university,100.0
Huda Metro Station,HUDA Metro Station,huda metro station,huda metro station,100.0
YES Bank ATM,YES bank ATM,yes bank atm,yes bank atm,100.0
NH -8,NH 8,nh 8,nh 8,100.0
Faridabad Gurgaon Road,Faridabad - Gurgaon Road,faridabad gurgaon road,faridabad gurgaon road,100.0
Pataudi Road,Pataudi road,pataudi road,pataudi road,100.0
"Euro International School, Sector- 109","Euro International School, Sector- 109.",euro international school sector 109,euro international school sector 109,100.0
Iris Broadway Mall,IRIS Broadway Mall,iris broadway mall,iris broadway mall,100.0
Omaxe Gurgaon Mall,OMAXE Gurgaon Mall,omaxe gurgaon mall,omaxe gurgaon mall,100.0
Shiv Mandir,shiv Mandir,shiv mandir,shiv mandir,100.0
ESIC Hospital,ESIC HOSPITAL,esic hospital,esic hospital,100.0
National Highway  48,National Highway 48,national highway 48,national highway 48,100.0
Heritage badminton academy,Heritage Badminton Academy,heritage badminton academy,heritage badminton academy,100.0
National Highway  48,National Highway-48,national highway 48,national highway 48,100.0
HUDA Metro Station,Huda Metro station,huda metro station,huda metro station,100.0
"Dwarka Sector 21, Metro Station",Dwarka Sector 21 Metro Station,dwarka sector 21 metro station,dwarka sector 21 metro station,100.0
IMT Manesar,Imt Manesar,imt manesar,imt manesar,100.0
Delhi - Jaipur Expressway,Delhi Jaipur Expressway,delhi jaipur expressway,delhi jaipur expressway,100.0
Fun N Food Waterpark,Fun N Food WaterPark,fun n food waterpark,fun n food waterpark,100.0
Medanta-The Medicity,Medanta - The Medicity,medanta the medicity,medanta the medicity,100.0
"Dwarka Sector 21, Metro Station",Dwarka Sector 21 Metro station,dwarka sector 21 metro station,dwarka sector 21 metro station,100.0
"NH-8, IMT Manesar",NH-8 IMT Manesar,nh 8 imt manesar,nh 8 imt manesar,100.0
Huda Metro Station,Huda metro station,huda metro station,huda metro station,100.0
"NH-8, Imt Manesar",NH-8 IMT Manesar,nh 8 imt manesar,nh 8 imt manesar,100.0
"Dwarka Sector 21, Metro Station",Dwarka sector 21 metro station,dwarka sector 21 metro station,dwarka sector 21 metro station,100.0
Canara Bank,CANARA BANK,canara bank,canara bank,100.0
"NH-8, IMT Manesar","NH-8, Imt Manesar",nh 8 imt manesar,nh 8 imt manesar,100.0
Yes Bank,YES Bank,yes bank,yes bank,100.0
Medanta The Medicity,Medanta - The Medicity,medanta the medicity,medanta the medicity,100.0
NH -8,NH-8,nh 8,nh 8,100.0
InfinityS Badminton Academy,Infinitys Badminton Academy,infinitys badminton academy,infinitys badminton academy,100.0
National Highway 48,National Highway 8,national highway 48,national highway 8,97.3
National Highway-48,National Highway 8,national highway 48,national highway 8,97.3
National Highway  48,National Highway 8,national highway 48,national highway 8,97.3
"Badshahpur Sohna Rd Hwy,Sector 48","Badshahpur Sohna Rd Hwy, Sector 68",badshahpur sohna rd hwy sector 48,badshahpur sohna rd hwy sector 68,96.97
Sector 55 Metro Station,Sector 53 Metro Station,sector 55 metro station,sector 53 metro station,95.65
Southern Peripheral Rd,Southern Peripheral Road,southern peripheral rd,southern peripheral road,95.65
Faridabad - Gurgaon Road,Faridabad - Gurgaon Rd,faridabad gurgaon road,faridabad gurgaon rd,95.24
Faridabad Gurgaon Road,Faridabad - Gurgaon Rd,faridabad gurgaon road,faridabad gurgaon rd,95.24
Rapid Metro Station Sector 56,rapid metro station sector 55 56,rapid metro station sector 56,rapid metro station sector 55 56,95.08
Mehrauli-Gurgaon Road,Mehrauli-Gurgaon Rd,mehrauli gurgaon road,mehrauli gurgaon rd,95.0
Sector 55 Metro Station,sector 55 56 metro station,sector 55 metro station,sector 55 56 metro station,93.88
Sector 55 Metro Station,sector 53 54 metro station,sector 55 metro station,sector 53 54 metro station,93.88
Sector 53 Metro Station,sector 53 54 metro station,sector 53 metro station,sector 53 54 metro station,93.88
euro international school sec 51,euro international school sec 84,euro international school sec 51,euro international school sec 84,93.75
Sapphire 83 Mall,Sapphire 93 Mall,sapphire 83 mall,sapphire 93 mall,93.75
CD International School,DPS International School,cd international school,dps international school,93.62
Southern Peripheral Road,Southern Periphery Road,southern peripheral road,southern periphery road,93.62
International Airport,IG International Airport,international airport,ig international airport,93.33
Golf Course Road,Golf Course Rd,golf course road,golf course rd,93.33
Rapid Metro Sector 56,rapid metro sector 55 56,rapid metro sector 56,rapid metro sector 55 56,93.33
Basai Dhankot Railway Station,Basai Dhancourt Railway Station,basai dhankot railway station,basai dhancourt railway station,93.33
Omaxe City Centre Mall,Omex City Centre Mall,omaxe city centre mall,omex city centre mall,93.02
Sector 86 Road,Sector 84 Road,sector 86 road,sector 84 road,92.86
sector 55 56 metro station,sector 53 54 metro station,sector 55 56 metro station,sector 53 54 metro station,92.31
Amma Hospital,Aman Hospital,amma hospital,aman hospital,92.31
Scottish High International School,Scottish International School,scottish high international school,scottish international school,92.06
Gurgaon Old Railway Station,gurgaon railway station,gurgaon old railway station,gurgaon railway station,92.0
Kings International School,S N International School,kings international school,s n international school,92.0
Gurugram Road,Gurugram Rd,gurugram road,gurugram rd,91.67
"Euro International School, Sector- 109.",euro international school sector 37d,euro international school sector 109,euro international school sector 37d,91.67
"Euro International School, Sector- 109",euro international school sector 37d,euro international school sector 109,euro international school sector 37d,91.67
RPS International School,S N International School,rps international school,s n international school,91.67
Sector 53-54 Rapid Metro,rapid metro sector 55 56,sector 53 54 rapid metro,rapid metro sector 55 56,91.67
Delhi Public School Sector 84,"Delhi Public School, Sector 103",delhi public school sector 84,delhi public school sector 103,91.53
"Delhi Public School, Sector 84","Delhi Public School, Sector 103",delhi public school sector 84,delhi public school sector 103,91.53
RBSM Public school,RHM Public School,rbsm public school,rhm public school,91.43
"Euro International School, Sector- 109.",euro international school sec 51,euro international school sector 109,euro international school sec 51,91.18
"Euro International School, Sector- 109",euro international school sec 51,euro international school sector 109,euro international school sec 51,91.18
Pataudi road,Pataudi Rd,pataudi road,pataudi rd,90.91
NH 48,NH 248,nh 48,nh 248,90.91
NH-48,NH 248,nh 48,nh 248,90.91
Pataudi Road,Pataudi Rd,pataudi road,pataudi rd,90.91
BM College of Technology & Mgmt,BM College of Technology,bm college of technology mgmt,bm college of technology,90.57
Delhi International Airport,IG International Airport,delhi international airport,ig international airport,90.2
Vatika Town Square-INXT,Vatika Town Square-INXT Mall,vatika town square inxt,vatika town square inxt mall,90.2
Gaytri Public School,Garima Public School,gaytri public school,garima public school,90.0
Sector 53 Metro Station,Sector 42-43 Metro station,sector 53 metro station,sector 42 43 metro station,89.8
Sector 53 Metro Station,sector 55 56 metro station,sector 53 metro station,sector 55 56 metro station,89.8
GEMS International School,DPS International School,gems international school,dps international school,89.8
DPS International School,Gems International School,dps international school,gems international school,89.8
Sector 53 Metro Station,Sector 42-43 Metro Station,sector 53 metro station,sector 42 43 metro station,89.8
Sector 42-43 Metro station,Sector 42-43 Rapid Metro Station,sector 42 43 metro station,sector 42 43 rapid metro station,89.66
Sapphire Mall,Sapphire 93 Mall,sapphire mall,sapphire 93 mall,89.66
Sector 42-43 Metro Station,Sector 42-43 Rapid Metro Station,sector 42 43 metro station,sector 42 43 rapid metro station,89.66
Sapphire 83 Mall,Sapphire Mall,sapphire 83 mall,sapphire mall,89.66
rapid metro station sector 55 56,sector 55 56 metro station,rapid metro station sector 55 56,sector 55 56 metro station,89.66
Indira Gandhi Intl Airport,indira gandhi airport,indira gandhi intl airport,indira gandhi airport,89.36
Sneh Hospital,Sethi Hospital,sneh hospital,sethi hospital,88.89
Damdama Lake Rd,Damdama Lake,damdama lake rd,damdama lake,88.89
Park Hospital,paras hospital,park hospital,paras hospital,88.89
NH-48,NH 8,nh 48,nh 8,88.89
Aryan Hospital,Aman Hospital,aryan hospital,aman hospital,88.89
Southern Peripheral Rd,Southern Periphery Road,southern peripheral rd,southern periphery road,88.89
NH 08,NH-8,nh 08,nh 8,88.89
NH -8,NH 08,nh 8,nh 08,88.89
Sohna Road,Sohna Rd,sohna road,sohna rd,88.89
Sector 53-54 Rapid Metro,Rapid Metro Sector 56,sector 53 54 rapid metro,rapid metro sector 56,88.89
NH 48,NH 8,nh 48,nh 8,88.89
NH-8,NH-48,nh 8,nh 48,88.89
NH 48,NH-8,nh 48,nh 8,88.89
NH 48,NH -8,nh 48,nh 8,88.89
NH -8,NH-48,nh 8,nh 48,88.89
NH 08,NH 8,nh 08,nh 8,88.89
Miracles Apollo Cradle /Spectra Hospital,miracles apollo cradle hospital,miracles apollo cradle spectra hospital,miracles apollo cradle hospital,88.57
Rapid Metro Station Sector 56,Sector 42-43 Rapid Metro Station,rapid metro station sector 56,sector 42 43 rapid metro station,88.52
Adarsh Senior Secondary School,Jhankar Senior Secondary School,adarsh senior secondary school,jhankar senior secondary school,88.52
RPS International School,Lancers International School,rps international school,lancers international school,88.46
Sector 42-43 Metro station,sector 53 54 metro station,sector 42 43 metro station,sector 53 54 metro station,88.46
Sector 42-43 Metro Station,sector 53 54 metro station,sector 42 43 metro station,sector 53 54 metro station,88.46
Lancers International School,S N International School,lancers international school,s n international school,88.46
Gurugram University,"IILM University, Gurugram",gurugram university,iilm university gurugram,88.37
"Dwarka Expy, Sector 109","Dwarka Expy, Sector 88",dwarka expy sector 109,dwarka expy sector 88,88.37
"Euro International School, Sector- 109.",euro international school sec 84,euro international school sector 109,euro international school sec 84,88.24
DLF World Tech Park,World Tech Park,dlf world tech park,world tech park,88.24
euro international school sec 84,euro international school sector 37d,euro international school sec 84,euro international school sector 37d,88.24
euro international school sec 51,euro international school sector 37d,euro international school sec 51,euro international school sector 37d,88.24
"Euro International School, Sector- 109",euro international school sec 84,euro international school sector 109,euro international school sec 84,88.24
Heritage Xperiential Learning School,Heritage Intl Xperiential School,heritage xperiential learning school,heritage intl xperiential school,88.24
Arc Multi Speciality Hospital,Anand Multispeciality Hospital,arc multi speciality hospital,anand multispeciality hospital,88.14
Euro International School,Gems International School,euro international school,gems international school,88.0
Southern Peripheral Rd,"Southern Peripheral Rd, Dhani",southern peripheral rd,southern peripheral rd dhani,88.0
RPS International School,Ompee International School,rps international school,ompee international school,88.0
Euro International School,GEMS International School,euro international school,gems international school,88.0
RPS International School,Kings International School,rps international school,kings international school,88.0
Global city centre,Global City Centre Mall,global city centre,global city centre mall,87.8
Global City Centre,Global City Centre Mall,global city centre,global city centre mall,87.8
Vatika City Centre,Vatika City Centre Mall,vatika city centre,vatika city centre mall,87.8
Vatika Town Square-INXT,Vatika Town Square,vatika town square inxt,vatika town square,87.8
Euro International School,euro international school sec 51,euro international school,euro international school sec 51,87.72
Euro International School,euro international school sec 84,euro international school,euro international school sec 84,87.72
Sector 42-43 Rapid Metro Station,rapid metro station sector 55 56,sector 42 43 rapid metro station,rapid metro station sector 55 56,87.5
Bank Of Baroda,Bank Of Baroda ATM,bank of baroda,bank of baroda atm,87.5
Euro International School,CD International School,euro international school,cd international school,87.5
Holiday Inn Sector 90,Holiday Inn Hotel Sector 90,holiday inn sector 90,holiday inn hotel sector 90,87.5
CD International School,Gems International School,cd international school,gems international school,87.5
Delhi International Airport,International Airport,delhi international airport,international airport,87.5
GEMS International School,CD International School,gems international school,cd international school,87.5
The Esplanade Mall,Esplanade Mall,the esplanade mall,esplanade mall,87.5
Sector 42-43 Rapid Metro,Sector 53-54 Rapid Metro,sector 42 43 rapid metro,sector 53 54 rapid metro,87.5
Miracles Apollo Hospital,miracles apollo cradle hospital,miracles apollo hospital,miracles apollo cradle hospital,87.27
Dharampur Main Road,Dharampeth Main Road,dharampur main road,dharampeth main road,87.18
JMS Marine Square Mall,JMS Marine Square,jms marine square mall,jms marine square,87.18
Omaxe City Centre,Omaxe City Centre Mall,omaxe city centre,omaxe city centre mall,87.18
Matrikiran School,Matrikiran High School,matrikiran school,matrikiran high school,87.18
Matrikiran School,MatriKiran High School,matrikiran school,matrikiran high school,87.18
Silver Streak Multi Speciality,Silver Streak Multi Speciality Hospital,silver streak multi speciality,silver streak multi speciality hospital,86.96
Miracles Apollo Cradle / Spectra,Miracles Apollo Cradle /Spectra Hospital,miracles apollo cradle spectra,miracles apollo cradle spectra hospital,86.96
IndusInd Bank ATM,IndusInd Bank,indusind bank atm,indusind bank,86.67
TERI Golf Course,Golf Course Rd,teri golf course,golf course rd,86.67
Ambience Mall New,Ambience Mall,ambience mall new,ambience mall,86.67
DoubleTree by Hilton Hotel Gurgaon,DoubleTree by Hilton Hotel,doubletree by hilton hotel gurgaon,doubletree by hilton hotel,86.67
Teri Golf Course,Golf Course Rd,teri golf course,golf course rd,86.67
Prakash Hospital,paras hospital,prakash hospital,paras hospital,86.67
Royal Institute Of Science,Royal Institute Of Science and Mgt,royal institute of science,royal institute of science and mgt,86.67
Golden Greens Golf & Resorts Limited,Golden Greens Golf & Resorts,golden greens golf resorts limited,golden greens golf resorts,86.67
Polaris Hospital,paras hospital,polaris hospital,paras hospital,86.67
Medanta Hospital,Mamta Hospital,medanta hospital,mamta hospital,86.67
GD Goenka School,GD Goenka High School,gd goenka school,gd goenka high school,86.49
M3M Cosmopolitan,M3M Cosmopolitan Mall,m3m cosmopolitan,m3m cosmopolitan mall,86.49
Amity University Gurugram,Gurugram University,amity university gurugram,gurugram university,86.36
KR Mangalam University Sohna,k r mangalam university,kr mangalam university sohna,k r mangalam university,86.27
Ashoka International School,DPS International School,ashoka international school,dps international school,86.27
SkyJumper Trampoline Park,SkyJumper Trampoline Park Gurgaon,skyjumper trampoline park,skyjumper trampoline park gurgaon,86.21
Umkal Hospital,Kamal Hospital,umkal hospital,kamal hospital,85.71
Narayana e-Techno School - Manesar,Narayana e Techno School,narayana e techno school manesar,narayana e techno school,85.71
"Euro International School, Sector- 109.","Euro Intl School, Sector- 109",euro international school sector 109,euro intl school sector 109,85.71
Sector 55-56 metro,rapid metro sector 55 56,sector 55 56 metro,rapid metro sector 55 56,85.71
Golf Course Road,golf corse ext road,golf course road,golf corse ext road,85.71
Sector 55 Metro Station,Sector 42-43 Metro Station,sector 55 metro station,sector 42 43 metro station,85.71
rapid metro station sector 55 56,rapid metro sector 55 56,rapid metro station sector 55 56,rapid metro sector 55 56,85.71
Sector 55 Metro Station,Sector 42-43 Metro station,sector 55 metro station,sector 42 43 metro station,85.71
Euro International School,DPS International School,euro international school,dps international school,85.71
Sector 55-56 Metro,rapid metro sector 55 56,sector 55 56 metro,rapid metro sector 55 56,85.71
Ananta Hospital,Aman Hospital,ananta hospital,aman hospital,85.71
NH 248,nh 248 a,nh 248,nh 248 a,85.71
Hanuman & Shani Mandir,Shri Hanuman Ji Mandir,hanuman shani mandir,shri hanuman ji mandir,85.71
Sector 42-43 Rapid Metro,Sector 42-43 Rapid Metro Station,sector 42 43 rapid metro,sector 42 43 rapid metro station,85.71
Aryan Hospital,aarvy hospital,aryan hospital,aarvy hospital,85.71
"Euro International School, Sector- 109","Euro Intl School, Sector- 109",euro international school sector 109,euro intl school sector 109,85.71
NH48,NH8,nh48,nh8,85.71
Mamta Hospital,Kamal Hospital,mamta hospital,kamal hospital,85.71
Indira Gandhi International Airport,Indira Gandhi Intl Airport,indira gandhi international airport,indira gandhi intl airport,85.25
Kings International School,Lancers International School,kings international school,lancers international school,85.19
DPS International School,Broadways International School,dps international school,broadways international school,85.19
RPS International School,CD International School,rps international school,cd international school,85.11
CD International School,S N International School,cd international school,s n international school,85.11
CBR Cricket Ground,Bamroli Cricket Ground,cbr cricket ground,bamroli cricket ground,85.0
Lions Public School,Diamond Public School,lions public school,diamond public school,85.0
Radisson Hotel Sohna Road,Radisson Hotel Gurugram Sohna Road,radisson hotel sohna road,radisson hotel gurugram sohna road,84.75
Euro International School,Ashoka International School,euro international school,ashoka international school,84.62
Ashoka International School,Gems International School,ashoka international school,gems international school,84.62
Southern Peripheral Road,"Southern Peripheral Rd, Dhani",southern peripheral road,southern peripheral rd dhani,84.62
Miracles Apollo Cradle,Miracles Apollo Cradle / Spectra,miracles apollo cradle,miracles apollo cradle spectra,84.62
Dwarka Sector 21 Metro Station,Sector-21 Metro Dwarka,dwarka sector 21 metro station,sector 21 metro dwarka,84.62
Sector 42-43 Metro station,sector 55 56 metro station,sector 42 43 metro station,sector 55 56 metro station,84.62
MKD Hospital,Umkal Hospital,mkd hospital,umkal hospital,84.62
Rapid Metro Station Sector 56,Sector 53 Metro Station,rapid metro station sector 56,sector 53 metro station,84.62
Rapid Metro Station Sector 56,Sector 55 Metro Station,rapid metro station sector 56,sector 55 metro station,84.62
"Dwarka Sector 21, Metro Station",Sector-21 Metro Dwarka,dwarka sector 21 metro station,sector 21 metro dwarka,84.62
GEMS International School,Ashoka International School,gems international school,ashoka international school,84.62
Sector 54 Chowk Metro Station,Sector 55 Metro Station,sector 54 chowk metro station,sector 55 metro station,84.62
Arc Hospital,aarvy hospital,arc hospital,aarvy hospital,84.62
Sector 54 Chowk Metro Station,Sector 53 Metro Station,sector 54 chowk metro station,sector 53 metro station,84.62
Canara Bank ATM,CANARA BANK,canara bank atm,canara bank,84.62
Canara Bank ATM,Canara Bank,canara bank atm,canara bank,84.62
Aryan Hospital,Arc Hospital,aryan hospital,arc hospital,84.62
Sector-21 Metro Dwarka,Dwarka sector 21 metro station,sector 21 metro dwarka,dwarka sector 21 metro station,84.62
Dwarka Sector 21 Metro station,Sector-21 Metro Dwarka,dwarka sector 21 metro station,sector 21 metro dwarka,84.62
Sector 42-43 Metro Station,sector 55 56 metro station,sector 42 43 metro station,sector 55 56 metro station,84.62
Royal Institute Of Science & Management,Royal Institute Of Science and Mgt,royal institute of science management,royal institute of science and mgt,84.51
Sector 42-43 Rapid Metro,Rapid Metro Sector 56,sector 42 43 rapid metro,rapid metro sector 56,84.44
PVR Drive In Cinema,SCC Drive-In Cinema,pvr drive in cinema,scc drive in cinema,84.21
Krishna Hospital,Shree Krishna Hospital,krishna hospital,shree krishna hospital,84.21
MDS Public School,Diamond Public School,mds public school,diamond public school,84.21
Delhi Public School,Lions Public School,delhi public school,lions public school,84.21
Dwarka Sector 21,Sector-21 Metro Dwarka,dwarka sector 21,sector 21 metro dwarka,84.21
Primamed Super Speciality Hospital,signature super speciality hospital,primamed super speciality hospital,signature super speciality hospital,84.06
CD International School,Ashoka International School,cd international school,ashoka international school,84.0
Ompee International School,S N International School,ompee international school,s n international school,84.0
Rapid Metro Station Sector 56,Rapid Metro Sector 56,rapid metro station sector 56,rapid metro sector 56,84.0
Fortis hospital,artemis hospital,fortis hospital,artemis hospital,83.87
Conscient One Mall,Conscient One,conscient one mall,conscient one,83.87
Aatish Hospital,artemis hospital,aatish hospital,artemis hospital,83.87
Paras Trinity Mall,Paras Trinity,paras trinity mall,paras trinity,83.87
Altrade Business Centre,AIPL Business Centre,altrade business centre,aipl business centre,83.72
Green Field School,Green Field Public School,green field school,green field public school,83.72
Sector 54 Chowk Metro Station,Sector 42-43 Metro station,sector 54 chowk metro station,sector 42 43 metro station,83.64
Sector 54 Chowk Metro Station,sector 55 56 metro station,sector 54 chowk metro station,sector 55 56 metro station,83.64
Sector 54 Chowk Metro Station,sector 53 54 metro station,sector 54 chowk metro station,sector 53 54 metro station,83.64
Sector 54 Chowk Metro Station,Sector 42-43 Metro Station,sector 54 chowk metro station,sector 42 43 metro station,83.64
Euro International School,Broadways International School,euro international school,broadways international school,83.64
Rapid Metro Station Sector 56,sector 55 56 metro station,rapid metro station sector 56,sector 55 56 metro station,83.64
Sector 55 Metro Station,rapid metro station sector 55 56,sector 55 metro station,rapid metro station sector 55 56,83.64
MKD Hospital,K.D. Hospital,mkd hospital,k d hospital,83.33
SPM Hospital,MKD Hospital,spm hospital,mkd hospital,83.33
DPS International School,S N International School,dps international school,s n international school,83.33
W Pratiksha Hospital,Prakash Hospital,w pratiksha hospital,prakash hospital,83.33
Delhi Public School,MDS Public School,delhi public school,mds public school,83.33
MDS Public School,Lions Public School,mds public school,lions public school,83.33
ICICI Bank ATM,ICICI Bank,icici bank atm,icici bank,83.33
NH 48,NH 148A,nh 48,nh 148a,83.33
Prime Scholars Int. School,Prime Scholars International School,prime scholars int school,prime scholars international school,83.33
Holiday Inn Gurugram,holiday inn express gurugram,holiday inn gurugram,holiday inn express gurugram,83.33
Sector 42-43 Rapid Metro,rapid metro sector 55 56,sector 42 43 rapid metro,rapid metro sector 55 56,83.33
NH 148A,NH-48,nh 148a,nh 48,83.33
RPS International School,DPS International School,rps international school,dps international school,83.33
KIIT College of Engineering Sohna Road,KIIT College of Engineering,kiit college of engineering sohna road,kiit college of engineering,83.08
CD International School,Broadways International School,cd international school,broadways international school,83.02
Miracles Apollo Cradle,miracles apollo cradle hospital,miracles apollo cradle,miracles apollo cradle hospital,83.02
Southern Peripheral Rd,"Southern Peripheral Rd, Gurugram",southern peripheral rd,southern peripheral rd gurugram,83.02
Narayana E Techno,Narayana e Techno School,narayana e techno,narayana e techno school,82.93
"Euro International School, Sector- 109.",RPS International School Sector 89,euro international school sector 109,rps international school sector 89,82.86
"Euro International School, Sector- 109",RPS International School Sector 89,euro international school sector 109,rps international school sector 89,82.86
Genesis Hospital,ESIC Hospital,genesis hospital,esic hospital,82.76
Genesis Hospital,ESIC HOSPITAL,genesis hospital,esic hospital,82.76
Enkays Hospital,ektaa hospital,enkays hospital,ektaa hospital,82.76
CNG Petrol Pump,HP Petrol Pump,cng petrol pump,hp petrol pump,82.76
Aryan Hospital,Ananta Hospital,aryan hospital,ananta hospital,82.76
Sethi Hospital,Shivai Hospital,sethi hospital,shivai hospital,82.76
RPS International School,RPS International School Sector 89,rps international school,rps international school sector 89,82.76
Park Hospital,Polaris Hospital,park hospital,polaris hospital,82.76
Park Hospital,Prakash Hospital,park hospital,prakash hospital,82.76
rapid metro station sector 55 56,sector 53 54 metro station,rapid metro station sector 55 56,sector 53 54 metro station,82.76
Delhi Jaipur Expressway,Delhi-Mumbai Expressway,delhi jaipur expressway,delhi mumbai expressway,82.61
Delhi - Jaipur Expressway,Delhi-Mumbai Expressway,delhi jaipur expressway,delhi mumbai expressway,82.61
Royal Institute Of Science,Royal Institute Of Science & Management,royal institute of science,royal institute of science management,82.54
Indus World School,Mps World School,indus world school,mps world school,82.35
Holiday Inn Gurugram Sector 90,Holiday Inn Sector 90,holiday inn gurugram sector 90,holiday inn sector 90,82.35
Heritage Xperiential Learning School,"Heritage Xperiential Learning, CRPF Rd",heritage xperiential learning school,heritage xperiential learning crpf rd,82.19
Sector 42-43 Metro Station,Dwarka sector 21 metro station,sector 42 43 metro station,dwarka sector 21 metro station,82.14
Pranavananda Int. School,Pranavananda International School,pranavananda int school,pranavananda international school,82.14
"Dwarka Sector 21, Metro Station",Sector 42-43 Metro Station,dwarka sector 21 metro station,sector 42 43 metro station,82.14
National Tennis Academy Sector 98,National Tennis Academy,national tennis academy sector 98,national tennis academy,82.14
"Dwarka Sector 21, Metro Station",Sector 42-43 Metro station,dwarka sector 21 metro station,sector 42 43 metro station,82.14
Sector 42-43 Metro Station,Dwarka Sector 21 Metro station,sector 42 43 metro station,dwarka sector 21 metro station,82.14
Dwarka Sector 21 Metro Station,Sector 42-43 Metro station,dwarka sector 21 metro station,sector 42 43 metro station,82.14
Dwarka sector 21 metro station,Sector 42-43 Metro station,dwarka sector 21 metro station,sector 42 43 metro station,82.14
RPS International School,ORCHIDS The International School,rps international school,orchids the international school,82.14
Dwarka Sector 21 Metro station,Sector 42-43 Metro station,dwarka sector 21 metro station,sector 42 43 metro station,82.14
Dwarka Sector 21 Metro Station,Sector 42-43 Metro Station,dwarka sector 21 metro station,sector 42 43 metro station,82.14
Delhi Public School,Lovely Public School,delhi public school,lovely public school,82.05
AIPL Business Tower,AIPL Business Centre,aipl business tower,aipl business centre,82.05
GD Goenka Public School,GD Goenka School,gd goenka public school,gd goenka school,82.05
Swastik Hospital Sec 66,Swastik Hospital,swastik hospital sec 66,swastik hospital,82.05
Indus World School,Glorious World School,indus world school,glorious world school,82.05
Lions Public School,Lovely Public School,lions public school,lovely public school,82.05
Euro International School,euro international school sector 37d,euro international school,euro international school sector 37d,81.97
"Euro International School, Sector- 109",Euro International School,euro international school sector 109,euro international school,81.97
Euro International School,"Euro International School, Sector- 109.",euro international school,euro international school sector 109,81.97
Axis Bank,Axis Bank ATM,axis bank,axis bank atm,81.82
HDFC Bank,HDFC bank ATM,hdfc bank,hdfc bank atm,81.82
HDFC Bank ATM,HDFC Bank,hdfc bank atm,hdfc bank,81.82
Sector 55-56 metro,sector 55 56 metro station,sector 55 56 metro,sector 55 56 metro station,81.82
Sector 55-56 Metro,sector 55 56 metro station,sector 55 56 metro,sector 55 56 metro station,81.82
National Tennis Academy,Shanti Tennis Academy,national tennis academy,shanti tennis academy,81.82
Creative Tennis Academy,Shanti Tennis Academy,creative tennis academy,shanti tennis academy,81.82
GD Goenka Public School,GD Goenka High School,gd goenka public school,gd goenka high school,81.82
RPS International School,Gems International School,rps international school,gems international school,81.63
RPS International School,Euro International School,rps international school,euro international school,81.63
RPS International School,GEMS International School,rps international school,gems international school,81.63
CD International School,Kings International School,cd international school,kings international school,81.63
The Shriram Millennium School,the millenium school,the shriram millennium school,the millenium school,81.63
Arc Multi Speciality Hospital,Arc Multi Speciality,arc multi speciality hospital,arc multi speciality,81.63
Euro International School,S N International School,euro international school,s n international school,81.63
Ompee International School,CD International School,ompee international school,cd international school,81.63
GEMS International School,S N International School,gems international school,s n international school,81.63
Gems International School,S N International School,gems international school,s n international school,81.63
Vatika Business Park,VATIKA BUSINESS PARK Sohna Rd,vatika business park,vatika business park sohna rd,81.63
Imt Manesar,NH-8 IMT Manesar,imt manesar,nh 8 imt manesar,81.48
Imt Manesar,"NH-8, Imt Manesar",imt manesar,nh 8 imt manesar,81.48
Amma Hospital,ektaa hospital,amma hospital,ektaa hospital,81.48
Amma Hospital,aarvy hospital,amma hospital,aarvy hospital,81.48
Eros City Square,City Square,eros city square,city square,81.48
City Hospital,Civil Hospital,city hospital,civil hospital,81.48
Imt Manesar,"NH-8, IMT Manesar",imt manesar,nh 8 imt manesar,81.48
Aryan Hospital,Amma Hospital,aryan hospital,amma hospital,81.48
Ap Sports cricket ground,Sai Sports Club cricket ground,ap sports cricket ground,sai sports club cricket ground,81.48
Aman Hospital,ektaa hospital,aman hospital,ektaa hospital,81.48
IMT Manesar,NH-8 IMT Manesar,imt manesar,nh 8 imt manesar,81.48
Park Hospital,Tomar Hospital,park hospital,tomar hospital,81.48
Sapphire 83 Mall,Sapphire 83,sapphire 83 mall,sapphire 83,81.48
IMT Manesar,"NH-8, Imt Manesar",imt manesar,nh 8 imt manesar,81.48
Ompee International School,Lancers International School,ompee international school,lancers international school,81.48
Aman Hospital,aarvy hospital,aman hospital,aarvy hospital,81.48
IMT Manesar,"NH-8, IMT Manesar",imt manesar,nh 8 imt manesar,81.48
"Metro Hospital, Palam Vihar","Manipal Hospital, Palam Vihar",metro hospital palam vihar,manipal hospital palam vihar,81.48
Sector 54 Chowk Metro Station,Dwarka sector 21 metro station,sector 54 chowk metro station,dwarka sector 21 metro station,81.36
"Southern Peripheral Rd, Gurugram","Southern Peripheral Rd, Dhani",southern peripheral rd gurugram,southern peripheral rd dhani,81.36
"Dwarka Sector 21, Metro Station",Sector 54 Chowk Metro Station,dwarka sector 21 metro station,sector 54 chowk metro station,81.36
Sector 54 Chowk Metro Station,Dwarka Sector 21 Metro station,sector 54 chowk metro station,dwarka sector 21 metro station,81.36
Dwarka Sector 21 Metro Station,Sector 54 Chowk Metro Station,dwarka sector 21 metro station,sector 54 chowk metro station,81.36
TERI Golf Course,Golf Course Road,teri golf course,golf course road,81.25
Vardaan Hospital,Vibrant Hospital,vardaan hospital,vibrant hospital,81.25
Vishwas Hospital,Swastik Hospital,vishwas hospital,swastik hospital,81.25
Greenway Hospital,Enkays Hospital,greenway hospital,enkays hospital,81.25
Sushant University,SGT University,sushant university,sgt university,81.25
Sushant University,SGT UNIVERSITY,sushant university,sgt university,81.25
Medanta Hospital,Manipal Hospital,medanta hospital,manipal hospital,81.25
Bharat Petrol Pump,HP Petrol Pump,bharat petrol pump,hp petrol pump,81.25
Amity University,ICFAI University,amity university,icfai university,81.25
Hyatt Regency,Hyatt Regency Hotel,hyatt regency,hyatt regency hotel,81.25
Spaze Itech Park,Spazedge IT Park,spaze itech park,spazedge it park,81.25
Krishna Hospital,Vishwas Hospital,krishna hospital,vishwas hospital,81.25
Golf Course Road,Teri Golf Course,golf course road,teri golf course,81.25
DLF Corporate Park,Eros Corporate Park,dlf corporate park,eros corporate park,81.08
Rotary Public School,RHM Public School,rotary public school,rhm public school,81.08
Huda metro station,Basai Metro Station,huda metro station,basai metro station,81.08
Huda Metro Station,Basai Metro Station,huda metro station,basai metro station,81.08
MDS Public School,Garima Public School,mds public school,garima public school,81.08
Basai Metro Station,Huda Metro station,basai metro station,huda metro station,81.08
Basai Metro Station,HUDA Metro Station,basai metro station,huda metro station,81.08
"HUDA Market, Sector 14",Sector 10 Market,huda market sector 14,sector 10 market,81.08
"Manipal Hospital, Gurugram",Gurugram Hospital,manipal hospital gurugram,gurugram hospital,80.95
CK Birla Hospital,"CK Birla Hospital, Gurgaon",ck birla hospital,ck birla hospital gurgaon,80.95
Phase 2 Metro Station,propose metro station,phase 2 metro station,propose metro station,80.95
Vatika Business Centre,Vatika Business Park,vatika business centre,vatika business park,80.95
Patli Railway Station,Kheri Railway station,patli railway station,kheri railway station,80.95
Gurugram Public School,Garima Public School,gurugram public school,garima public school,80.95
Delhi Jaipur Expressway,delhi gurgaon expressway,delhi jaipur expressway,delhi gurgaon expressway,80.85
Central Peripheral Road,Northern Peripheral Road,central peripheral road,northern peripheral road,80.85
Faridabad Gurgaon Road,Gurgaon Faridabad Highway,faridabad gurgaon road,gurgaon faridabad highway,80.85
Faridabad - Gurgaon Road,Gurgaon Faridabad Highway,faridabad gurgaon road,gurgaon faridabad highway,80.85
Gurugram University,Gurugram University Kankrola,gurugram university,gurugram university kankrola,80.85
Delhi - Jaipur Expressway,delhi gurgaon expressway,delhi jaipur expressway,delhi gurgaon expressway,80.85
DoubleTree by Hilton Hotel,Double Tree by Hilton,doubletree by hilton hotel,double tree by hilton,80.85
Delhi-Mumbai Expressway,delhi gurgaon expressway,delhi mumbai expressway,delhi gurgaon expressway,80.85
Ompee International School,Kings International School,ompee international school,kings international school,80.77
"IILM University, Gurugram",Gurugram University Kankrola,iilm university gurugram,gurugram university kankrola,80.77
Flying Wings Badminton Academy,Infinitys Badminton Academy,flying wings badminton academy,infinitys badminton academy,80.7
Scottish International School,Windsor International School,scottish international school,windsor international school,80.7
InfinityS Badminton Academy,Flying Wings Badminton Academy,infinitys badminton academy,flying wings badminton academy,80.7
Radisson Hotel Gurugram Sohna Road,Radisson Hotel Gurugram,radisson hotel gurugram sohna road,radisson hotel gurugram,80.7
Ashoka International School,Broadways International School,ashoka international school,broadways international school,80.7
Indira Gandhi International Airport,Delhi International Airport,indira gandhi international airport,delhi international airport,80.65
Park Hospital,K.D. Hospital,park hospital,k d hospital,80.0
Artemis Hospital Gurgaon,artemis hospital,artemis hospital gurgaon,artemis hospital,80.0
City Hospital,Arc Hospital,city hospital,arc hospital,80.0
Omaxe City Centre Mall,Vatika City Centre Mall,omaxe city centre mall,vatika city centre mall,80.0
Spectra Hospital,paras hospital,spectra hospital,paras hospital,80.0
Park Hospital,MKD Hospital,park hospital,mkd hospital,80.0
SPM Hospital,Sneh Hospital,spm hospital,sneh hospital,80.0
Rapid Metro Station Sector 56,sector 53 54 metro station,rapid metro station sector 56,sector 53 54 metro station,80.0
Park Hospital,SPM Hospital,park hospital,spm hospital,80.0
YES bank ATM,YES Bank,yes bank atm,yes bank,80.0
Spectra Hospital,Sethi Hospital,spectra hospital,sethi hospital,80.0
Gems International School,Broadways International School,gems international school,broadways international school,80.0
IMT Road,MG Road,imt road,mg road,80.0
NH 148A,nh 248 a,nh 148a,nh 248 a,80.0
Swastik Hospital,Sethi Hospital,swastik hospital,sethi hospital,80.0
Sohna Gurgaon Road,Gurgaon Road,sohna gurgaon road,gurgaon road,80.0
Polaris Hospital,Tomar Hospital,polaris hospital,tomar hospital,80.0
YES Bank ATM,Yes Bank,yes bank atm,yes bank,80.0
YES Bank ATM,YES Bank,yes bank atm,yes bank,80.0
Umkal Hospital,Manipal Hospital,umkal hospital,manipal hospital,80.0
Alpine Hospital,Balaji Hospital,alpine hospital,balaji hospital,80.0
Kings International School,DPS International School,kings international school,dps international school,80.0
HUDA Market,Huda Park,huda market,huda park,80.0
Omaxe City Centre,Global City Centre,omaxe city centre,global city centre,80.0
Signature Hospital,Signature Advanced Hospital,signature hospital,signature advanced hospital,80.0
Manipal Hospital,Kamal Hospital,manipal hospital,kamal hospital,80.0
Omaxe City Centre,Global city centre,omaxe city centre,global city centre,80.0
Yes Bank,YES bank ATM,yes bank,yes bank atm,80.0
Arc Hospital,ESIC Hospital,arc hospital,esic hospital,80.0
Mamta Hospital,Manipal Hospital,mamta hospital,manipal hospital,80.0
Arc Hospital,Aman Hospital,arc hospital,aman hospital,80.0
Arc Hospital,ESIC HOSPITAL,arc hospital,esic hospital,80.0
Vatika Business Park Sector 49,Vatika Business Park,vatika business park sector 49,vatika business park,80.0
Amity University,SGT UNIVERSITY,amity university,sgt university,80.0
Cambridge Montessori,Cambridge Montessori Preschool,cambridge montessori,cambridge montessori preschool,80.0
Capital Business Park,Emaar Business Park,capital business park,emaar business park,80.0
Bharat Petrol Pump,Essar Petrol Pump,bharat petrol pump,essar petrol pump,80.0
NH 248,NH 8,nh 248,nh 8,80.0
Vipul Trade Business Centre,Vipul Trade Centre,vipul trade business centre,vipul trade centre,80.0
Sector 53 Metro Station,rapid metro station sector 55 56,sector 53 metro station,rapid metro station sector 55 56,80.0
Gurugram Road,Gurgaon Road,gurugram road,gurgaon road,80.0
Sector 53 Metro Station,Sector 42-43 Rapid Metro Station,sector 53 metro station,sector 42 43 rapid metro station,80.0
Faridabad - Gurgaon Rd,Gurgaon Faridabad Highway,faridabad gurgaon rd,gurgaon faridabad highway,80.0
RPS International School Sector 89,euro international school sector 37d,rps international school sector 89,euro international school sector 37d,80.0
Southern Peripheral Road,"Southern Peripheral Rd, Gurugram",southern peripheral road,southern peripheral rd gurugram,80.0
TERI Golf Course,Manesar Golf Course,teri golf course,manesar golf course,80.0
Bal Bharati Public School,Gyan Bharti Public School,bal bharati public school,gyan bharti public school,80.0
Delhi Public School,Diamond Public School,delhi public school,diamond public school,80.0
NH -8,NH 248,nh 8,nh 248,80.0
Sahara Mall,Star Mall,sahara mall,star mall,80.0
Aatish Hospital,Ananta Hospital,aatish hospital,ananta hospital,80.0
Aatish Hospital,Fortis hospital,aatish hospital,fortis hospital,80.0
Aatish Hospital,Balaji Hospital,aatish hospital,balaji hospital,80.0
Paras Trinity Mall,Paras Trinity Shopping Mall,paras trinity mall,paras trinity shopping mall,80.0
NH-8,NH 248,nh 8,nh 248,80.0
NH 48,NH 08,nh 48,nh 08,80.0
GEMS International School,Broadways International School,gems international school,broadways international school,80.0
Vardaan Hospital,paras hospital,vardaan hospital,paras hospital,80.0
Garima Public School,Gyan Bharti Public School,garima public school,gyan bharti public school,80.0
Holiday Inn Gurugram Sector 90,Holiday Inn Gurugram,holiday inn gurugram sector 90,holiday inn gurugram,80.0
NH 08,NH-48,nh 08,nh 48,80.0
Shopping complex,Suncity Shopping Complex,shopping complex,suncity shopping complex,80.0
Amma Hospital,Arc Hospital,amma hospital,arc hospital,80.0
Krishna Hospital,Kriti Hospital,krishna hospital,kriti hospital,80.0
NH48,NH248A,nh48,nh248a,80.0
SGT University,Amity University,sgt university,amity university,80.0
Manesar Golf Course,Teri Golf Course,manesar golf course,teri golf course,80.0
Ompee International School,DPS International School,ompee international school,dps international school,80.0
Delhi Public School Sector 84,Delhi Public School Gurugram Sector 67A,delhi public school sector 84,delhi public school gurugram sector 67a,79.41
Shri Balaji’s Multispeciality Hospital,Anand Multispeciality Hospital,shri balaji’s multispeciality hospital,anand multispeciality hospital,79.41
"Delhi Public School, Sector 84",Delhi Public School Gurugram Sector 67A,delhi public school sector 84,delhi public school gurugram sector 67a,79.41
"Southern Peripheral Rd, Gurugram","Western Peripheral Expy, Gurugram",southern peripheral rd gurugram,western peripheral expy gurugram,79.37
Prime Scholars International School,Lancers International School,prime scholars international school,lancers international school,79.37
Sector 42-43 Rapid Metro Station,sector 53 54 metro station,sector 42 43 rapid metro station,sector 53 54 metro station,79.31
ORCHIDS The International School,Kings International School,orchids the international school,kings international school,79.31
Rapid Metro Station Sector 56,rapid metro sector 55 56,rapid metro station sector 56,rapid metro sector 55 56,79.25
"Dwarka Sector 21, Metro Station",Sector 55 Metro Station,dwarka sector 21 metro station,sector 55 metro station,79.25
Bijwasan Railway Station,Basai Dhankot Railway Station,bijwasan railway station,basai dhankot railway station,79.25
"Dwarka Sector 21, Metro Station",Sector 53 Metro Station,dwarka sector 21 metro station,sector 53 metro station,79.25
Rapid Metro Sector 56,rapid metro station sector 55 56,rapid metro sector 56,rapid metro station sector 55 56,79.25
"Park Hospital, Palam Vihar","Manipal Hospital, Palam Vihar",park hospital palam vihar,manipal hospital palam vihar,79.25
Sector 55 Metro Station,Dwarka sector 21 metro station,sector 55 metro station,dwarka sector 21 metro station,79.25
Sector 53 Metro Station,Dwarka Sector 21 Metro station,sector 53 metro station,dwarka sector 21 metro station,79.25
Sector 55 Metro Station,Dwarka Sector 21 Metro station,sector 55 metro station,dwarka sector 21 metro station,79.25
Sector 53 Metro Station,Dwarka sector 21 metro station,sector 53 metro station,dwarka sector 21 metro station,79.25
Dwarka Sector 21 Metro Station,Sector 53 Metro Station,dwarka sector 21 metro station,sector 53 metro station,79.25
Dwarka Sector 21 Metro Station,Sector 55 Metro Station,dwarka sector 21 metro station,sector 55 metro station,79.25
Delhi Public School,Delhi Public School Sector 84,delhi public school,delhi public school sector 84,79.17
GD Goenka Public School,Green Field Public School,gd goenka public school,green field public school,79.17
Delhi Public School,"Delhi Public School, Sector 84",delhi public school,delhi public school sector 84,79.17
Gurugram University,Gurugram University Sector 87,gurugram university,gurugram university sector 87,79.17
Gurugram University,"GD Goenka University, Gurugram",gurugram university,gd goenka university gurugram,79.17
Ambience Public School,Diamond Public School,ambience public school,diamond public school,79.07
Nischay Cricket Academy,Cricket Academy,nischay cricket academy,cricket academy,78.95
Skylark Cricket Academy,Cricket Academy,skylark cricket academy,cricket academy,78.95
RBSM Public school,Rotary Public School,rbsm public school,rotary public school,78.95
AIPL Business Club,AIPL Business Centre,aipl business club,aipl business centre,78.95
Dwarka Sector 21,"Dwarka Expy, Sector 109",dwarka sector 21,dwarka expy sector 109,78.95
DLF Corporate Greens,DLF Corporate Park,dlf corporate greens,dlf corporate park,78.95
The Paras World School,Mps World School,the paras world school,mps world school,78.95
Sohna road dhunela,Old Sohna Dhani Road,sohna road dhunela,old sohna dhani road,78.95
KFG sports club Parking,KFG Sports Club,kfg sports club parking,kfg sports club,78.95
Omaxe City Centre,Omex City Centre Mall,omaxe city centre,omex city centre mall,78.95
Swastik Multispeciality Hospital,Silver Streak Multi Speciality Hospital,swastik multispeciality hospital,silver streak multi speciality hospital,78.87
Manesar Golf Course,Golf Course Rd,manesar golf course,golf course rd,78.79
Golf Course Rd,golf corse ext road,golf course rd,golf corse ext road,78.79
RPS International School Sector 89,euro international school sec 84,rps international school sector 89,euro international school sec 84,78.79
Western Peripheral Expressway,"Western Peripheral Expy, Gurugram",western peripheral expressway,western peripheral expy gurugram,78.69
Swastik Multispeciality Hospital,Arc Multi Speciality Hospital,swastik multispeciality hospital,arc multi speciality hospital,78.69
Kamal Hospital,Tomar Hospital,kamal hospital,tomar hospital,78.57
ektaa hospital,aarvy hospital,ektaa hospital,aarvy hospital,78.57
Dwarka Sector 21 Metro Station,sector 55 56 metro station,dwarka sector 21 metro station,sector 55 56 metro station,78.57
Amma Hospital,Balaji Hospital,amma hospital,balaji hospital,78.57
City Hospital,Chirag Hospital,city hospital,chirag hospital,78.57
Dwarka Sector 21 Metro station,sector 55 56 metro station,dwarka sector 21 metro station,sector 55 56 metro station,78.57
Amma Hospital,Ananta Hospital,amma hospital,ananta hospital,78.57
Umkal Hospital,Tomar Hospital,umkal hospital,tomar hospital,78.57
Dwarka Sector 21 Metro station,sector 53 54 metro station,dwarka sector 21 metro station,sector 53 54 metro station,78.57
Sneh Hospital,Shivai Hospital,sneh hospital,shivai hospital,78.57
Aman Hospital,Balaji Hospital,aman hospital,balaji hospital,78.57
Dwarka Sector 21 Metro Station,sector 53 54 metro station,dwarka sector 21 metro station,sector 53 54 metro station,78.57
Alpine Hospital,Aman Hospital,alpine hospital,aman hospital,78.57
Mamta Hospital,Umkal Hospital,mamta hospital,umkal hospital,78.57
Mamta Hospital,Tomar Hospital,mamta hospital,tomar hospital,78.57
Mamta Hospital,paras hospital,mamta hospital,paras hospital,78.57
Kamal Hospital,paras hospital,kamal hospital,paras hospital,78.57
Vega Schools NH-8,Vega School,vega schools nh 8,vega school,78.57
SGT Hospital 1,Sethi Hospital,sgt hospital 1,sethi hospital,78.57
Tomar Hospital,paras hospital,tomar hospital,paras hospital,78.57
Enkays Hospital,ESIC HOSPITAL,enkays hospital,esic hospital,78.57
"Dwarka Sector 21, Metro Station",sector 53 54 metro station,dwarka sector 21 metro station,sector 53 54 metro station,78.57
Aatish Hospital,Amma Hospital,aatish hospital,amma hospital,78.57
"Dwarka Sector 21, Metro Station",sector 55 56 metro station,dwarka sector 21 metro station,sector 55 56 metro station,78.57
Medanta Hospital,MKD Hospital,medanta hospital,mkd hospital,78.57
SPM Hospital,Spectra Hospital,spm hospital,spectra hospital,78.57
Arc Hospital,artemis hospital,arc hospital,artemis hospital,78.57
Sethi Hospital,Vedic Hospital,sethi hospital,vedic hospital,78.57
Sethi Hospital,Kriti Hospital,sethi hospital,kriti hospital,78.57
Dwarka sector 21 metro station,sector 55 56 metro station,dwarka sector 21 metro station,sector 55 56 metro station,78.57
Aryan Hospital,ektaa hospital,aryan hospital,ektaa hospital,78.57
Dwarka sector 21 metro station,sector 53 54 metro station,dwarka sector 21 metro station,sector 53 54 metro station,78.57
Aatish Hospital,Aman Hospital,aatish hospital,aman hospital,78.57
ORCHIDS The International School,S N International School,orchids the international school,s n international school,78.57
Sector 53-54 Rapid Metro,rapid metro station sector 55 56,sector 53 54 rapid metro,rapid metro station sector 55 56,78.57
Enkays Hospital,ESIC Hospital,enkays hospital,esic hospital,78.57
"Park Hospital, Palam Vihar","Metro Hospital, Palam Vihar",park hospital palam vihar,metro hospital palam vihar,78.43
"Southern Peripheral Rd, Dhani",Southern Periphery Road,southern peripheral rd dhani,southern periphery road,78.43
Ompee International School,Euro International School,ompee international school,euro international school,78.43
Ompee International School,Gems International School,ompee international school,gems international school,78.43
Kings International School,Gems International School,kings international school,gems international school,78.43
CD International School,Windsor International School,cd international school,windsor international school,78.43
Euro International School,Kings International School,euro international school,kings international school,78.43
CD International School,Lancers International School,cd international school,lancers international school,78.43
Ompee International School,GEMS International School,ompee international school,gems international school,78.43
GEMS International School,Kings International School,gems international school,kings international school,78.43
Ashoka International School,S N International School,ashoka international school,s n international school,78.43
RPS International School,Ashoka International School,rps international school,ashoka international school,78.43
Skylark Cricket Academy,Nischay Cricket Academy,skylark cricket academy,nischay cricket academy,78.26
ICICI Bank ATM,ICICI ATM,icici bank atm,icici atm,78.26
AIPL Business Club Sector 62,AIPL Business Club,aipl business club sector 62,aipl business club,78.26
National Tennis Academy,Creative Tennis Academy,national tennis academy,creative tennis academy,78.26
"Delhi Public School, Sector 103",Delhi Public School Gurugram Sector 67A,delhi public school sector 103,delhi public school gurugram sector 67a,78.26
Plaza Mall,Emerald Plaza,plaza mall,emerald plaza,78.26
Miracles Apollo Hospital,Miracles Apollo Cradle,miracles apollo hospital,miracles apollo cradle,78.26
DSD College,ISBM College,dsd college,isbm college,78.26
Bharat Petrol Pump,Bharat Petroleum Petrol Pump,bharat petrol pump,bharat petroleum petrol pump,78.26
Vatika Town Square-INXT Mall,Vatika Town Square,vatika town square inxt mall,vatika town square,78.26
Paras Trinity Mall Sector 63,Paras Trinity Mall,paras trinity mall sector 63,paras trinity mall,78.26
Garima Public School,Diamond Public School,garima public school,diamond public school,78.05
Fun N Food Waterpark,Fun N Food Water Park,fun n food waterpark,fun n food water park,78.05
Capital Business Park,Orchid Business Park,capital business park,orchid business park,78.05
RBSM Public school,Red Roses Public School,rbsm public school,red roses public school,78.05
Central Park Resorts,"Central Park, Sohna Rd",central park resorts,central park sohna rd,78.05
"Central Park, Sohna Rd",Central Park II Road,central park sohna rd,central park ii road,78.05
"Manipal Hospital, Gurugram",Manipal Hospital,manipal hospital gurugram,manipal hospital,78.05
Fun N Food Water Park,Fun N Food WaterPark,fun n food water park,fun n food waterpark,78.05
Aarvy Healthcare Hospital,Aarvy Healthcare,aarvy healthcare hospital,aarvy healthcare,78.05
DPSG Palam Vihar,DPSG Palam Vihar Gurugram,dpsg palam vihar,dpsg palam vihar gurugram,78.05
Ambience Public School,Lions Public School,ambience public school,lions public school,78.05
Amity University Gurugram,Amity University,amity university gurugram,amity university,78.05
McDonald's India 24 Hours,McDonald's India,mcdonald's india 24 hours,mcdonald's india,78.05
Indira Gandhi International Airport,IG International Airport,indira gandhi international airport,ig international airport,77.97
Vatika Business Park Sector 49,VATIKA BUSINESS PARK Sohna Rd,vatika business park sector 49,vatika business park sohna rd,77.97
Prime Scholars International School,S N International School,prime scholars international school,s n international school,77.97
RPS International School,Prime Scholars International School,rps international school,prime scholars international school,77.97
Sushant University,Sunrise University,sushant university,sunrise university,77.78
CBR Cricket Ground,DLC Cricket Ground,cbr cricket ground,dlc cricket ground,77.78
Krishna Hospital,W Pratiksha Hospital,krishna hospital,w pratiksha hospital,77.78
Airport,igi airport,airport,igi airport,77.78
Sector 53 Metro Station,Approved Sector 37 Mero Station,sector 53 metro station,approved sector 37 mero station,77.78
Amity University Gurugram,"GD Goenka University, Gurugram",amity university gurugram,gd goenka university gurugram,77.78
Suncity School,Suncity School Gurgaon,suncity school,suncity school gurgaon,77.78
Mount Olympus Junior School,"Mount Olympus School, Sec 79",mount olympus junior school,mount olympus school sec 79,77.78
Scottish High International School,Shalom Hills International School,scottish high international school,shalom hills international school,77.61
Shri Balaji’s Multispeciality Hospital,Arc Multi Speciality Hospital,shri balaji’s multispeciality hospital,arc multi speciality hospital,77.61
Delhi Public School,"Delhi Public School, Sector 103",delhi public school,delhi public school sector 103,77.55
Amity University Gurugram,"IILM University, Gurugram",amity university gurugram,iilm university gurugram,77.55
Amma Hospital,Badsa AMS Hospital,amma hospital,badsa ams hospital,77.42
Polaris Hospital,rion's hospital,polaris hospital,rion's hospital,77.42
Essar Petrol Pump,HP Petrol Pump,essar petrol pump,hp petrol pump,77.42
Aman Hospital,Badsa AMS Hospital,aman hospital,badsa ams hospital,77.42
Signature Hospital,Sneh Hospital,signature hospital,sneh hospital,77.42
Genesis Hospital,Enkays Hospital,genesis hospital,enkays hospital,77.42
Swastik Multispeciality Hospital,Anand Multispeciality Hospital,swastik multispeciality hospital,anand multispeciality hospital,77.42
Anand Preschool,Gyaananda School,anand preschool,gyaananda school,77.42
RPS International School Sector 89,Windsor International School,rps international school sector 89,windsor international school,77.42
Krishna Hospital,rion's hospital,krishna hospital,rion's hospital,77.42
Central Plaza Mall,Centrum Plaza,central plaza mall,centrum plaza,77.42
Swastik Hospital,Shivai Hospital,swastik hospital,shivai hospital,77.42
Vishwas Hospital,Shivai Hospital,vishwas hospital,shivai hospital,77.42
Krishna Hospital,Shivai Hospital,krishna hospital,shivai hospital,77.42
Shivani public school,"KDM Public School, Sohna",shivani public school,kdm public school sohna,77.27
Phase 2 Metro Station,Sector 55 Metro Station,phase 2 metro station,sector 55 metro station,77.27
Phase 2 Metro Station,Sector 53 Metro Station,phase 2 metro station,sector 53 metro station,77.27
Bal Bharati Public School,Delhi Public School,bal bharati public school,delhi public school,77.27
Kheri Railway station,gurgaon railway station,kheri railway station,gurgaon railway station,77.27
De Adventure Park,De Adventure Amusement Park,de adventure park,de adventure amusement park,77.27
Omex City Centre Mall,Vatika City Centre Mall,omex city centre mall,vatika city centre mall,77.27
Patli Railway Station,gurgaon railway station,patli railway station,gurgaon railway station,77.27
"Dwarka Expy, Sector 109",Sector-21 Metro Dwarka,dwarka expy sector 109,sector 21 metro dwarka,77.27
GD Goenka Public School,Diamond Public School,gd goenka public school,diamond public school,77.27
Gems International School,euro international school sec 84,gems international school,euro international school sec 84,77.19
Approved Sector 37 Mero Station,sector 53 54 metro station,approved sector 37 mero station,sector 53 54 metro station,77.19
RPS International School,Pranavananda International School,rps international school,pranavananda international school,77.19
Pranavananda International School,S N International School,pranavananda international school,s n international school,77.19
GEMS International School,euro international school sec 51,gems international school,euro international school sec 51,77.19
Shalom Hills International School,DPS International School,shalom hills international school,dps international school,77.19
GEMS International School,euro international school sec 84,gems international school,euro international school sec 84,77.19
Gems International School,euro international school sec 51,gems international school,euro international school sec 51,77.19
S N International School,lotus valley international school,s n international school,lotus valley international school,77.19
RPS International School,lotus valley international school,rps international school,lotus valley international school,77.19
Swastik Multispeciality Hospital,Shri Balaji’s Multispeciality Hospital,swastik multispeciality hospital,shri balaji’s multispeciality hospital,77.14
SPM Hospital,Kamal Hospital,spm hospital,kamal hospital,76.92
Orchid Business Park,Emaar Business Park,orchid business park,emaar business park,76.92
Arc Hospital,Civil Hospital,arc hospital,civil hospital,76.92
GD Goenka School,g d goenka world school,gd goenka school,g d goenka world school,76.92
SPM Hospital,Sethi Hospital,spm hospital,sethi hospital,76.92
K.D. Hospital,Kriti Hospital,k d hospital,kriti hospital,76.92
SPM Hospital,Tomar Hospital,spm hospital,tomar hospital,76.92
SPM Hospital,paras hospital,spm hospital,paras hospital,76.92
Vatika Business Park,Spaze Business Park,vatika business park,spaze business park,76.92
NH 48,nh 248 a,nh 48,nh 248 a,76.92
Garhi Harsaru Junction,PHC Garhi Harsaru,garhi harsaru junction,phc garhi harsaru,76.92
RPS International School,Windsor International School,rps international school,windsor international school,76.92
NH 148A,NH 248,nh 148a,nh 248,76.92
NH-48,nh 248 a,nh 48,nh 248 a,76.92
DPS International School,Windsor International School,dps international school,windsor international school,76.92
Delhi Public School,Gaytri Public School,delhi public school,gaytri public school,76.92
Ambience Public School,MDS Public School,ambience public school,mds public school,76.92
MKD Hospital,Mamta Hospital,mkd hospital,mamta hospital,76.92
MKD Hospital,Tomar Hospital,mkd hospital,tomar hospital,76.92
MKD Hospital,Vedic Hospital,mkd hospital,vedic hospital,76.92
MKD Hospital,Kamal Hospital,mkd hospital,kamal hospital,76.92
CD International School,Scottish International School,cd international school,scottish international school,76.92
SPM Hospital,Mamta Hospital,spm hospital,mamta hospital,76.92
K.D. Hospital,Kamal Hospital,k d hospital,kamal hospital,76.92
Arc Hospital,ektaa hospital,arc hospital,ektaa hospital,76.92
Lancers International School,DPS International School,lancers international school,dps international school,76.92
S N International School,Windsor International School,s n international school,windsor international school,76.92
SPM Hospital,Umkal Hospital,spm hospital,umkal hospital,76.92
Umkal Hospital,K.D. Hospital,umkal hospital,k d hospital,76.92
Lions Public School,Garima Public School,lions public school,garima public school,76.92
Delhi Public School,Garima Public School,delhi public school,garima public school,76.92
SGT Hospital 1,K.D. Hospital,sgt hospital 1,k d hospital,76.92
Pushpanjali Hospital,sanjeevani hospital,pushpanjali hospital,sanjeevani hospital,76.92
City Hospital,ESIC Hospital,city hospital,esic hospital,76.92
City Hospital,ESIC HOSPITAL,city hospital,esic hospital,76.92
Sector 55-56 metro,Rapid Metro Sector 56,sector 55 56 metro,rapid metro sector 56,76.92
Sector 55-56 Metro,Rapid Metro Sector 56,sector 55 56 metro,rapid metro sector 56,76.92
Heritage School,Imperial Heritage School,heritage school,imperial heritage school,76.92
ORCHIDS The International School,lotus valley international school,orchids the international school,lotus valley international school,76.92
Gurugram Public School,MDS Public School,gurugram public school,mds public school,76.92
SGT Hospital 1,SPM Hospital,sgt hospital 1,spm hospital,76.92
MKD Hospital,Kriti Hospital,mkd hospital,kriti hospital,76.92
Gaytri Public School,Lions Public School,gaytri public school,lions public school,76.92
Garhi harsaru railway station Gurgaon,gurgaon railway station,garhi harsaru railway station gurgaon,gurgaon railway station,76.67
ORCHIDS The International School,Lancers International School,orchids the international school,lancers international school,76.67
Ascendas OneHub Gurgaon,Ascendas OneHub Gurgaon Business Park,ascendas onehub gurgaon,ascendas onehub gurgaon business park,76.67
Euro International School,Bharti International Convent School,euro international school,bharti international convent school,76.67
Huda metro station,Huda Metro Station (Gurugram),huda metro station,huda metro station (gurugram),76.6
Huda Metro Station (Gurugram),HUDA Metro Station,huda metro station (gurugram),huda metro station,76.6
Huda Metro Station,Huda Metro Station (Gurugram),huda metro station,huda metro station (gurugram),76.6
Phase 2 Metro Station,Sector 42-43 Metro station,phase 2 metro station,sector 42 43 metro station,76.6
Phase 2 Metro Station,Sector 42-43 Metro Station,phase 2 metro station,sector 42 43 metro station,76.6
Bijwasan Railway Station,gurgaon railway station,bijwasan railway station,gurgaon railway station,76.6
Huda Metro Station (Gurugram),Huda Metro station,huda metro station (gurugram),huda metro station,76.6
Sector 53 Metro Station,Sector 37 Police Station,sector 53 metro station,sector 37 police station,76.6
Hyatt Regency,hyatt regency gurgaon,hyatt regency,hyatt regency gurgaon,76.47
Patil Station,Patli Railway Station,patil station,patli railway station,76.47
Shivai Hospital,sanjeevani hospital,shivai hospital,sanjeevani hospital,76.47
Alpine Convent School,Alpine School,alpine convent school,alpine school,76.47
RHM Public School,MDS Public School,rhm public school,mds public school,76.47
Jai Sai Ram Hospital,paras hospital,jai sai ram hospital,paras hospital,76.47
Sushant University,Amity University,sushant university,amity university,76.47
SCR Model School,Vivek Model School,scr model school,vivek model school,76.47
Sector 10 Market,Sector 102 Dhankot,sector 10 market,sector 102 dhankot,76.47
W Pratiksha Hospital,paras hospital,w pratiksha hospital,paras hospital,76.47
Rapid Metro Station Sector 56,Sector 42-43 Metro station,rapid metro station sector 56,sector 42 43 metro station,76.36
CD International School,euro international school sec 84,cd international school,euro international school sec 84,76.36
CD International School,euro international school sec 51,cd international school,euro international school sec 51,76.36
Rapid Metro Station Sector 56,Sector 42-43 Metro Station,rapid metro station sector 56,sector 42 43 metro station,76.36
Paras Trinity Mall Sector 63,Paras Trinity Shopping Mall,paras trinity mall sector 63,paras trinity shopping mall,76.36
Bijwasan Railway Station,Basai Dhancourt Railway Station,bijwasan railway station,basai dhancourt railway station,76.36
Approved Sector 37 Mero Station,Sector 37 Police Station,approved sector 37 mero station,sector 37 police station,76.36
"Badshahpur Sohna Rd Hwy, Haryana",badshahpur sohna highway,badshahpur sohna rd hwy haryana,badshahpur sohna highway,76.36
Sector 55 Metro Station,Sector 42-43 Rapid Metro Station,sector 55 metro station,sector 42 43 rapid metro station,76.36
"Euro Intl School, Sector- 109",euro international school sector 37d,euro intl school sector 109,euro international school sector 37d,76.19
MG Road Metro Station,propose metro station,mg road metro station,propose metro station,76.19
Sector 53-54 Rapid Metro,Sector 55-56 Metro,sector 53 54 rapid metro,sector 55 56 metro,76.19
Sector 53-54 Rapid Metro,Sector 55-56 metro,sector 53 54 rapid metro,sector 55 56 metro,76.19
"Candor TechSpace, Sector 48",Candor Techspace,candor techspace sector 48,candor techspace,76.19
Miracles Apollo Hospital,Miracles Apollo Cradle /Spectra Hospital,miracles apollo hospital,miracles apollo cradle spectra hospital,76.19
GD Goenka Signature School,GD Goenka School,gd goenka signature school,gd goenka school,76.19
Ram Krishna Public School,RHM Public School,ram krishna public school,rhm public school,76.19
GD Goenka Public School,Lions Public School,gd goenka public school,lions public school,76.19
Ansal Plaza,Plaza Mall,ansal plaza,plaza mall,76.19
Palam Vihar Halt,"Metro Hospital, Palam Vihar",palam vihar halt,metro hospital palam vihar,76.19
Genesis Hospital Sector 84,Genesis Hospital,genesis hospital sector 84,genesis hospital,76.19
Sapphire 83 Mall,Sapphire 83 Mall Sector 83,sapphire 83 mall,sapphire 83 mall sector 83,76.19
Lemon Tree Hotel Sector 60,"Lemon Tree Hotel,",lemon tree hotel sector 60,lemon tree hotel,76.19
Scottish International School,RPS International School Sector 89,scottish international school,rps international school sector 89,76.19
Gaytri Public School,Ambience Public School,gaytri public school,ambience public school,76.19
Lemon Tree Hotel,Lemon Tree Hotel Sector 60,lemon tree hotel,lemon tree hotel sector 60,76.19
Gaytri Public School,Gurugram Public School,gaytri public school,gurugram public school,76.19
Delhi Public School,GD Goenka Public School,delhi public school,gd goenka public school,76.19
Ambience Public School,Garima Public School,ambience public school,garima public school,76.19
"Euro Int School, Sector 37D, Gurugram",euro international school sector 37d,euro int school sector 37d gurugram,euro international school sector 37d,76.06
Farrukh Nagar Railway Station,Kheri Railway station,farrukh nagar railway station,kheri railway station,76.0
Cambridge Montessori Preschool,Cambridge Pre-School,cambridge montessori preschool,cambridge pre school,76.0
"GD Goenka University, Gurugram",g d goenka university,gd goenka university gurugram,g d goenka university,76.0
The Banyan Tree World School,The Paras World School,the banyan tree world school,the paras world school,76.0
Park Hospital,Spectra Hospital,park hospital,spectra hospital,75.86
Aarvy Healthcare Hospital,Aarvy Healthcare Super Speciality,aarvy healthcare hospital,aarvy healthcare super speciality,75.86
Park Hospital,Swastik Hospital,park hospital,swastik hospital,75.86
ESIC Hospital,artemis hospital,esic hospital,artemis hospital,75.86
S N International School,RPS International School Sector 89,s n international school,rps international school sector 89,75.86
Dwarka Expy/Northern Peripheral Rd,Northern Peripheral Road,dwarka expy northern peripheral rd,northern peripheral road,75.86
Aman Hospital,artemis hospital,aman hospital,artemis hospital,75.86
Park Hospital,Vardaan Hospital,park hospital,vardaan hospital,75.86
ESIC HOSPITAL,artemis hospital,esic hospital,artemis hospital,75.86
Aryan Hospital,Enkays Hospital,aryan hospital,enkays hospital,75.86
Spectra Hospital,Sneh Hospital,spectra hospital,sneh hospital,75.86
Sneh Hospital,Prakash Hospital,sneh hospital,prakash hospital,75.86
Park Hospital,Manipal Hospital,park hospital,manipal hospital,75.86
Aryan Hospital,Aatish Hospital,aryan hospital,aatish hospital,75.86
Aryan Hospital,Alpine Hospital,aryan hospital,alpine hospital,75.86
Aryan Hospital,Balaji Hospital,aryan hospital,balaji hospital,75.86
Sector 42-43 Rapid Metro Station,sector 55 56 metro station,sector 42 43 rapid metro station,sector 55 56 metro station,75.86
Ompee International School,ORCHIDS The International School,ompee international school,orchids the international school,75.86
Ananta Hospital,ektaa hospital,ananta hospital,ektaa hospital,75.86
Shalom Hills International School,Gems International School,shalom hills international school,gems international school,75.86
Nehru Stadium,Nakhrola Stadium,nehru stadium,nakhrola stadium,75.86
Chirag Hospital,Civil Hospital,chirag hospital,civil hospital,75.86
Aatish Hospital,aarvy hospital,aatish hospital,aarvy hospital,75.86
Aatish Hospital,ektaa hospital,aatish hospital,ektaa hospital,75.86
Amma Hospital,artemis hospital,amma hospital,artemis hospital,75.86
Shivai Hospital,Kriti Hospital,shivai hospital,kriti hospital,75.86
Krishna Hospital,Sneh Hospital,krishna hospital,sneh hospital,75.86
Vishwas Hospital,Sneh Hospital,vishwas hospital,sneh hospital,75.86
Sector 42-43 Metro station,rapid metro station sector 55 56,sector 42 43 metro station,rapid metro station sector 55 56,75.86
Balaji Hospital,aarvy hospital,balaji hospital,aarvy hospital,75.86
GEMS International School,Shalom Hills International School,gems international school,shalom hills international school,75.86
BSF Golf Course,Golf Course Rd,bsf golf course,golf course rd,75.86
Sector 42-43 Metro Station,rapid metro station sector 55 56,sector 42 43 metro station,rapid metro station sector 55 56,75.86
Aryan Hospital,Chirag Hospital,aryan hospital,chirag hospital,75.86
Ananta Hospital,aarvy hospital,ananta hospital,aarvy hospital,75.86
Civil Hospital,Govind Hospital,civil hospital,govind hospital,75.86
Apollo Pharmacy,Jadon Pharmacy,apollo pharmacy,jadon pharmacy,75.86
Kriti Hospital,rion's hospital,kriti hospital,rion's hospital,75.86
Rapid Metro Station Sector 56,Sector 54 Chowk Metro Station,rapid metro station sector 56,sector 54 chowk metro station,75.86
Vedic Hospital,Shivai Hospital,vedic hospital,shivai hospital,75.86
Balaji Hospital,ektaa hospital,balaji hospital,ektaa hospital,75.86
Yashroop Hospital,SPM Hospital,yashroop hospital,spm hospital,75.86
CD International School,Bharti International Convent School,cd international school,bharti international convent school,75.86
Enkays Hospital,aarvy hospital,enkays hospital,aarvy hospital,75.86
paras hospital,rion's hospital,paras hospital,rion's hospital,75.86
CK Birla Hospital,Arc Hospital,ck birla hospital,arc hospital,75.86
ORCHIDS The International School,RPS International School Sector 89,orchids the international school,rps international school sector 89,75.76
RPS International School Sector 89,euro international school sec 51,rps international school sector 89,euro international school sec 51,75.76
Glorious World School,Mps World School,glorious world school,mps world school,75.68
Dwarka Sector 21,"Dwarka Expy, Sector 88",dwarka sector 21,dwarka expy sector 88,75.68
Gurugram University,Baghera University,gurugram university,baghera university,75.68
AIPL Business Tower,AIPL Business Club,aipl business tower,aipl business club,75.68
Gaytri Public School,MDS Public School,gaytri public school,mds public school,75.68
"Euro Int School, Sector 37D, Gurugram",Delhi Public School Gurugram Sector 67A,euro int school sector 37d gurugram,delhi public school gurugram sector 67a,75.68
The Signature Advanced Super Speciality,signature super speciality hospital,the signature advanced super speciality,signature super speciality hospital,75.68
Cricket Academy,Nawada Cricket Accadmy,cricket academy,nawada cricket accadmy,75.68
MDS Public School,Lovely Public School,mds public school,lovely public school,75.68
Radisson Hotel,Radisson Hotel Gurugram,radisson hotel,radisson hotel gurugram,75.68
"Paras Hospitals, Gurgaon",paras hospital,paras hospitals gurgaon,paras hospital,75.68
Bal Bharati Public School,Gaytri Public School,bal bharati public school,gaytri public school,75.56
Gaytri Public School,Gyan Bharti Public School,gaytri public school,gyan bharti public school,75.56
Nischay Cricket Academy,Nawada Cricket Accadmy,nischay cricket academy,nawada cricket accadmy,75.56
Indus valley Public School,Lions Public School,indus valley public school,lions public school,75.56
Ram Krishna Public School,Garima Public School,ram krishna public school,garima public school,75.56
Dwarka Expressway Link Road,dwaraka expressway,dwarka expressway link road,dwaraka expressway,75.56
Global City Centre Mall,Omaxe City Centre Mall,global city centre mall,omaxe city centre mall,75.56
Gurugram Public School,GD Goenka Public School,gurugram public school,gd goenka public school,75.56
Bal Bharati Public School,Garima Public School,bal bharati public school,garima public school,75.56
Lovely Public School,Mother land public school,lovely public school,mother land public school,75.56
Gaytri Public School,Mother land public school,gaytri public school,mother land public school,75.56
Bijwasan Railway Station,Patli Railway Station,bijwasan railway station,patli railway station,75.56
Bijwasan Railway Station,Kheri Railway station,bijwasan railway station,kheri railway station,75.56
Infinitys Badminton Academy,Heritage Badminton Academy,infinitys badminton academy,heritage badminton academy,75.47
Ashoka International School,Kings International School,ashoka international school,kings international school,75.47
Scottish International School,S N International School,scottish international school,s n international school,75.47
Shiksha Bharti Public School,Gyan Bharti Public School,shiksha bharti public school,gyan bharti public school,75.47
Heritage badminton academy,Infinitys Badminton Academy,heritage badminton academy,infinitys badminton academy,75.47
Scottish International School,DPS International School,scottish international school,dps international school,75.47
Lancers International School,Gems International School,lancers international school,gems international school,75.47
Gems International School,Windsor International School,gems international school,windsor international school,75.47
RPS International School,Scottish International School,rps international school,scottish international school,75.47
Euro International School,Lancers International School,euro international school,lancers international school,75.47
Ompee International School,Ashoka International School,ompee international school,ashoka international school,75.47
Euro International School,Windsor International School,euro international school,windsor international school,75.47
GEMS International School,Windsor International School,gems international school,windsor international school,75.47
GEMS International School,Lancers International School,gems international school,lancers international school,75.47
Bal Bharati Public School,Shiksha Bharti Public School,bal bharati public school,shiksha bharti public school,75.47
InfinityS Badminton Academy,Heritage Badminton Academy,infinitys badminton academy,heritage badminton academy,75.47
"IILM University, Gurugram",Gurugram University Sector 87,iilm university gurugram,gurugram university sector 87,75.47
Bal Bharati Public School,Sanskar Bharti Public School,bal bharati public school,sanskar bharti public school,75.47
Sanskar Bharti Public School,Gyan Bharti Public School,sanskar bharti public school,gyan bharti public school,75.47
Rapid Metro Station Sector 56,Sector 53-54 Rapid Metro,rapid metro station sector 56,sector 53 54 rapid metro,75.47
InfinityS Badminton Academy,Heritage badminton academy,infinitys badminton academy,heritage badminton academy,75.47
ORCHIDS The International School,Scottish International School,orchids the international school,scottish international school,75.41
Shalom Hills International School,Windsor International School,shalom hills international school,windsor international school,75.41
Scottish International School,euro international school sec 51,scottish international school,euro international school sec 51,75.41
Pranavananda International School,Lancers International School,pranavananda international school,lancers international school,75.41
Dwarka Sector 21 Metro station,Approved Sector 37 Mero Station,dwarka sector 21 metro station,approved sector 37 mero station,75.41
Scottish International School,euro international school sec 84,scottish international school,euro international school sec 84,75.41
Dwarka Sector 21 Metro Station,Approved Sector 37 Mero Station,dwarka sector 21 metro station,approved sector 37 mero station,75.41
Sector 54 Chowk Metro Station,Sector 42-43 Rapid Metro Station,sector 54 chowk metro station,sector 42 43 rapid metro station,75.41
Prime Scholars International School,Kings International School,prime scholars international school,kings international school,75.41
Approved Sector 37 Mero Station,Dwarka sector 21 metro station,approved sector 37 mero station,dwarka sector 21 metro station,75.41
"Dwarka Sector 21, Metro Station",Approved Sector 37 Mero Station,dwarka sector 21 metro station,approved sector 37 mero station,75.41
Ompee International School,Prime Scholars International School,ompee international school,prime scholars international school,75.41
Lancers International School,lotus valley international school,lancers international school,lotus valley international school,75.41
Sector 54 Chowk Metro Station,rapid metro station sector 55 56,sector 54 chowk metro station,rapid metro station sector 55 56,75.41
"Badshahpur Sohna Rd Hwy, Rajoria Ngr","Badshahpur Sohna Rd Hwy, Raghav Vatika",badshahpur sohna rd hwy rajoria ngr,badshahpur sohna rd hwy raghav vatika,75.0
Windsor International School,euro international school sector 37d,windsor international school,euro international school sector 37d,75.0
Hyatt Regency Hotel,hyatt regency gurgaon,hyatt regency hotel,hyatt regency gurgaon,75.0
MDS Public School,"KDM Public School, Sohna",mds public school,kdm public school sohna,75.0
Gurgaon Road,Gurgaon Toll,gurgaon road,gurgaon toll,75.0
Palam Vihar Halt,DPSG Palam Vihar,palam vihar halt,dpsg palam vihar,75.0
CNG Petrol Pump,Essar Petrol Pump,cng petrol pump,essar petrol pump,75.0
Gyaananda School,Pragyanam School,gyaananda school,pragyanam school,75.0
Sahara Mall,Sapphire Mall,sahara mall,sapphire mall,75.0
Gurgaon Old Railway Station,Patli Railway Station,gurgaon old railway station,patli railway station,75.0
Gurgaon Old Railway Station,Garhi harsaru railway station Gurgaon,gurgaon old railway station,garhi harsaru railway station gurgaon,75.0
Vibrant Hospital,Vishwas Hospital,vibrant hospital,vishwas hospital,75.0
Vardaan Hospital,Prakash Hospital,vardaan hospital,prakash hospital,75.0
Genesis Hospital,artemis hospital,genesis hospital,artemis hospital,75.0
Sector 86 Road,"SS Omnia, Sector 86",sector 86 road,ss omnia sector 86,75.0
"Euro International School, Sector- 109.",Windsor International School,euro international school sector 109,windsor international school,75.0
Huda metro station,Huda City Centre Metro Station,huda metro station,huda city centre metro station,75.0
Baghera University,SGT UNIVERSITY,baghera university,sgt university,75.0
Baghera University,SGT University,baghera university,sgt university,75.0
Huda Metro Station,Huda City Centre Metro Station,huda metro station,huda city centre metro station,75.0
Medanta Hospital,Spectra Hospital,medanta hospital,spectra hospital,75.0
Medanta Hospital,Satyam Medicare Hospital,medanta hospital,satyam medicare hospital,75.0
Medanta Hospital,Vibrant Hospital,medanta hospital,vibrant hospital,75.0
Medanta Hospital,Vardaan Hospital,medanta hospital,vardaan hospital,75.0
Euro International School,Euro Int. School,euro international school,euro int school,75.0
Manesar Bus Stand,Sohna Bus Stand,manesar bus stand,sohna bus stand,75.0
Omaxe Gurgaon Mall,Omaxe Celebration Mall,omaxe gurgaon mall,omaxe celebration mall,75.0
"Euro International School, Sector- 109",Windsor International School,euro international school sector 109,windsor international school,75.0
"Savoy Suites, Manesar",Savoy Suites,savoy suites manesar,savoy suites,75.0
Krishna Hospital,Prakash Hospital,krishna hospital,prakash hospital,75.0
Krishna Hospital,Polaris Hospital,krishna hospital,polaris hospital,75.0
Dwarka Sector 21,Sector 10 Market,dwarka sector 21,sector 10 market,75.0
CK Birla Hospital,Balaji Hospital,ck birla hospital,balaji hospital,75.0
CK Birla Hospital,Chirag Hospital,ck birla hospital,chirag hospital,75.0
AIPL Business Club Sector 62,AIPL Business Centre,aipl business club sector 62,aipl business centre,75.0
Indira Gandhi International Airport,indira gandhi airport,indira gandhi international airport,indira gandhi airport,75.0
Indira Gandhi International Airport,International Airport,indira gandhi international airport,international airport,75.0
SGT University,Sunrise University,sgt university,sunrise university,75.0
SGT Hospital 1,Signature Hospital,sgt hospital 1,signature hospital,75.0
CD International School,Shalom Hills International School,cd international school,shalom hills international school,75.0
Central Park Resorts,Central Park II Road,central park resorts,central park ii road,75.0
RHM Public School,Red Roses Public School,rhm public school,red roses public school,75.0
Sector 42-43,Sector 53-54,sector 42 43,sector 53 54,75.0
"Badshahpur Sohna Rd Hwy, Malibu Town","Badshahpur Sohna Rd Hwy, Raghav Vatika",badshahpur sohna rd hwy malibu town,badshahpur sohna rd hwy raghav vatika,75.0
Sneh Hospital,sanjeevani hospital,sneh hospital,sanjeevani hospital,75.0
DPS International School,euro international school sec 84,dps international school,euro international school sec 84,75.0
DPS International School,euro international school sec 51,dps international school,euro international school sec 51,75.0
Spectra Hospital,Prakash Hospital,spectra hospital,prakash hospital,75.0
Sunrise University,SGT UNIVERSITY,sunrise university,sgt university,75.0
Damdama More,Damdama Lake,damdama more,damdama lake,75.0
Global City Centre,Omaxe City Centre Mall,global city centre,omaxe city centre mall,75.0
Sapphire 83,Sapphire Mall,sapphire 83,sapphire mall,75.0
Arc Hospital,K.D. Hospital,arc hospital,k d hospital,75.0
Omaxe Celebration Mall,OMAXE Gurgaon Mall,omaxe celebration mall,omaxe gurgaon mall,75.0
EuroKids Preschool Suncity,Suncity School Gurgaon,eurokids preschool suncity,suncity school gurgaon,75.0
Sector 53-54 Rapid Metro,Sector 42-43 Rapid Metro Station,sector 53 54 rapid metro,sector 42 43 rapid metro station,75.0
Polaris Hospital,Prakash Hospital,polaris hospital,prakash hospital,75.0
GD Goenka Public School,Mother land public school,gd goenka public school,mother land public school,75.0
GD Goenka Public School,MDS Public School,gd goenka public school,mds public school,75.0
Global city centre,Omaxe City Centre Mall,global city centre,omaxe city centre mall,75.0
Omaxe City Centre,Global City Centre Mall,omaxe city centre,global city centre mall,75.0
Le Meridien Gurgaon,Trident Hotel Gurgaon,le meridien gurgaon,trident hotel gurgaon,75.0
Huda City Centre Metro Station,Huda Metro station,huda city centre metro station,huda metro station,75.0
Huda City Centre Metro Station,HUDA Metro Station,huda city centre metro station,huda metro station,75.0
Sector 42/43 Bus Stand,Sector 42-43 Metro station,sector 42 43 bus stand,sector 42 43 metro station,75.0
Sector 42/43 Bus Stand,Sector 42-43 Metro Station,sector 42 43 bus stand,sector 42 43 metro station,75.0
SPM Hospital,K.D. Hospital,spm hospital,k d hospital,75.0
KIIT College,ISBM College,kiit college,isbm college,75.0
Gaytri Public School,Lovely Public School,gaytri public school,lovely public school,75.0
Raheja Mall,Raheja Market,raheja mall,raheja market,75.0
